8314,9865,6521,8698,4812,4696,3632,9607,573,5225,930,1350,8257,6265,2786,6873,408,7829,6473,1543
5561,3219,6946,9449,1101,6235,714,9482,9303,7745,8432,9255,6387,7474,5593,8259,795,6133,1183,4500
1338,1830,5954,2956,7440,133,3801,2159,4045,6734,429,9395,9481,579,2215,4842,4799,1047,2253,1783
3859,3957,257,4439,209,0,7671,1171,141,4245,7798,5582,5805,7823,8416,8613,9851,2713,577,7332
417,2355,8454,5910,4527,2306,617,9968,1387,1892,3260,2078,2033,2889,8805,160,5626,1756,73,7090
2165,7742,9856,2236,8433,5976,4890,4426,6103,8795,1811,5471,2775,7268,1439,9032,4081,4907,6080,3087
37,4126,6007,5440,9533,413,1661,8987,3191,6785,1053,3489,6123,1759,1778,2581,5859,946,716,2841
3402,1057,8943,1461,5441,4597,6517,7708,4981,1184,407,5106,1,2363,6767,5698,7104,8516,6028,5278
2548,1267,8613,6603,8714,7223,3605,7140,7343,8870,1036,5798,7488,6721,9409,7581,2122,907,5759,163
5057,4169,7557,8153,7383,1632,7486,1694,1607,7261,3478,1105,8925,91,4613,7672,4663,9835,9206,1192
7176,2810,6477,1644,1546,1078,8411,1161,5355,6732,7233,5959,3692,5125,6522,8730,53,6678,5225,6034
1310,9885,1244,7100,5532,2203,3265,8160,1403,3516,3530,3723,29,744,6372,1086,4984,2005,8574,869
3675,6977,8761,7386,7990,2729,9292,6266,9955,5862,9143,3008,9816,4889,2745,4276,1093,7426,5420,8792
729,4647,5131,4591,143,6615,6347,8993,7352,175,5087,8147,7632,1399,9181,9852,719,9965,6900,8581
1773,296,9150,932,3355,3847,7924,4131,2639,7394,6595,9493,1491,6304,7418,4670,504,6422,4859,5888
5253,1308,994,9528,4517,7539,6128,9399,5719,2660,9653,5601,7332,5774,761,3375,2946,354,665,3367
2214,6178,4940,520,1072,6142,1310,7324,5263,969,4420,7506,2095,1752,9421,4673,9779,5479,2302,2257
742,2825,9814,223,3167,9868,6076,400,6694,3168,9399,3644,8645,4767,7057,9775,3558,3456,6640,263
3629,1721,5969,186,2930,9730,6846,8834,6856,1953,5176,7854,4024,891,3969,5101,7527,5748,1574,4467
5608,2709,1411,1902,977,372,7975,435,514,2929,4846,1674,6530,4270,7659,6696,4192,1178,790,796
7088,4798,8470,6536,9057,167,8516,1133,189,6096,2906,4231,4295,9258,9739,9314,5773,3085,9649,3234
5407,9192,4775,8705,6718,7519,1768,6423,1240,5442,1859,8655,7670,3458,3517,8448,8364,6027,1784,2543
8696,7920,6854,5306,22,7499,2965,2725,9650,7734,9656,2183,9526,6367,9733,6363,6870,4613,6147,4486
5163,1031,5565,2442,9905,9427,9475,7838,1290,2360,1658,4766,4465,7792,479,1831,234,265,8775,1497
4478,6658,4170,4208,6213,7582,2873,5752,335,9392,4311,1645,7162,4190,3918,7457,1145,1609,9981,12
5490,9308,3169,3566,9432,1805,3951,7713,1221,9286,5325,1940,7386,2154,2836,3157,2630,4537,9743,5886
6657,5010,5215,439,9557,4940,9312,2483,5662,937,3268,1483,4877,1267,7005,4717,7634,5778,1489,2196
3765,47,73,8498,2448,4216,1194,2432,8646,9491,7359,9296,9167,4178,4925,4039,9519,8757,8106,9210
8800,7919,8662,5359,9136,5579,4828,1912,690,4555,5363,9832,7313,4961,5415,3640,2521,8352,8665,3539
2295,6618,6826,7596,7543,5531,5992,528,7376,9168,7879,9538,584,6081,8752,7429,8670,5116,7975,8061
1709,8887,3137,1838,2997,2425,8586,4753,5708,3837,6102,6828,5303,6542,6829,1938,568,8590,1510,2690
7418,3231,5628,2632,6886,1766,5544,8279,4135,801,9937,8904,8528,2605,1405,8366,4741,2822,8330,6269
2056,1813,8304,8267,9755,3530,5637,6514,7667,6172,9577,3084,9411,8086,4363,5161,6610,7701,8840,1449
2348,6249,9736,571,3498,1535,2305,8354,375,3495,9071,7672,4946,1294,792,2970,5499,9867,367,5521
9355,6241,5540,6768,2515,7507,2805,6312,7124,3875,1412,9014,5970,8360,4561,9210,6115,9515,2806,2754
1745,1938,7272,4667,2837,7688,8212,2892,6901,612,953,1225,7240,862,7637,3778,522,1983,3075,2099
3350,5846,9539,340,4426,5451,7550,2651,1104,6809,857,3958,5272,500,6417,6834,9288,2328,8111,5609
6885,5776,5496,7341,6890,1318,4885,6720,8701,4843,7706,8766,1200,2535,1517,2265,1933,1515,5391,5089
249,5950,1144,8082,3679,3259,9558,4459,2640,5810,6286,1611,2968,4619,51,7795,608,7569,5501,4215
5282,5138,6946,1089,1363,6906,3498,7503,7913,9375,2295,3145,2792,6393,7370,136,2139,1117,1253,4680
8526,6000,1067,9165,2743,104,3430,3764,7675,6202,8743,8100,7759,2462,1191,5507,3056,6818,1211,7183
1347,3562,8293,7045,1426,1499,6298,7638,4669,1065,6082,7998,7693,6756,9482,5554,6812,489,2477,7825
622,8270,7021,3884,4171,98,5119,7218,7902,226,8609,3499,4919,713,6696,5323,3366,8134,2544,2482
4959,7068,2398,9554,4629,8946,5028,1754,8166,346,4026,8516,1084,2363,9603,1572,8497,3427,2803,7061
144,7199,4583,5560,3905,4720,6663,8052,1222,9881,8190,7426,1359,4408,6595,922,5294,9678,5931,3277
4932,5697,5230,3850,5795,8961,3668,7438,6575,6230,2341,3315,7714,6370,9631,1426,4380,2636,5607,5537
6728,1164,4909,123,687,8819,8171,7564,380,4324,4385,2179,990,5586,6872,6272,715,2876,2296,1821
340,3304,2156,1341,7377,3634,5932,4894,5277,1586,7819,8518,220,1210,6476,4329,9498,2744,6450,9658
4231,5185,7688,4561,6416,4179,4257,9048,487,535,9505,7149,9599,8204,19,9009,1916,3809,2239,59
3005,281,4069,4749,4444,8813,6437,9904,424,6580,6572,367,7366,4162,9416,6241,8455,1318,8730,8981
4414,4436,2437,7854,3969,296,3569,5567,8751,3156,489,2875,259,9611,8751,49,5010,8933,7950,6030
9397,3360,4766,1561,7060,8734,5445,5056,98,8020,7073,9550,8682,8556,1585,5975,1066,2973,4731,6115
5335,4247,1482,9215,6638,433,846,4160,9629,4089,260,7801,9996,6224,7293,3522,4317,2278,3348,7439
7344,1434,4665,7535,4556,1709,8069,5973,3302,6192,9957,5516,8539,9514,7356,9133,9904,8371,4668,8082
564,3780,8584,4226,963,127,889,8145,2538,128,6445,4511,6120,2334,1684,7802,9752,1858,6999,7202
6405,9987,1800,9641,6709,5489,6309,9451,9285,9369,141,8205,3392,4981,3055,4833,3722,6020,5768,1294
6896,14,7163,4115,9494,4106,5217,313,7711,3318,3480,986,3582,9052,7519,1003,6273,8799,82,2336
4580,711,396,8741,1579,3754,9359,5974,1454,8513,3894,2913,7693,7152,4223,1224,8983,1566,2106,6352
1951,1120,5718,2101,3123,636,9243,1758,1620,3480,5740,5805,9335,6379,426,5020,9312,7162,2845,7925
1569,5956,889,1210,1140,1764,7983,5548,6103,5824,9142,588,5895,7424,1692,1724,1988,8818,831,2759
2086,3589,5612,8945,8986,5774,8002,9415,2449,4406,9005,6704,1737,213,9160,8715,9756,3190,642,1398
8844,5717,5009,4503,4574,3778,6275,5097,1001,8313,852,8830,6370,1203,4692,1106,1632,6016,982,300
6786,9214,3537,5096,4056,6967,9536,4257,6599,6141,7004,5900,4249,6491,5643,4199,7869,8614,6602,9076
1420,2682,1890,4698,2630,3943,3000,1025,6844,8959,5357,8972,4490,4867,7598,6867,8955,3113,5475,2738
3732,9892,5355,1938,3445,3738,613,2631,2338,7728,1653,3837,1309,5610,5668,5857,871,16,1261,6414
4948,1401,4702,9457,7400,692,9535,3874,3377,4685,5593,6002,3910,8768,1011,437,5293,1054,6224,6903
8344,8056,5081,2435,7849,3520,721,277,7839,6576,1026,2001,40,756,5208,1839,712,4093,4891,6090
2359,4299,9009,3266,1855,87,6125,6943,5293,9474,5201,580,1728,5122,7201,5366,3222,1492,3961,1033
6271,5666,3044,9403,6215,8801,4553,7163,8906,8124,4078,1963,4089,58,2854,4400,7400,5956,5194,8631
2774,3827,5893,6949,1770,5056,2081,7954,276,6255,7214,8126,1799,4420,5263,2001,4001,6802,4955,1820
7824,7953,6464,9046,2886,6463,3018,9421,8440,8385,5629,8059,6487,2529,8515,2131,5750,2152,4295,2598
2693,5363,2427,5396,7429,5055,4422,8191,3242,3173,3342,3550,9539,4394,8509,507,6911,69,7524,2547
8213,4868,713,1617,6855,3541,11,5213,6783,2022,4054,1991,642,4965,7958,4578,9711,2892,2438,3998
6189,5390,5951,6571,3002,2576,3914,8922,5836,5704,2798,4128,9766,8784,6082,9090,6447,7431,2956,5294
4161,9302,7820,8344,4973,3261,5658,861,6810,7967,5657,3021,1612,8015,9006,7558,4165,8493,5173,9611
3854,7801,5726,4649,5029,6467,3038,1738,8906,3608,4211,4249,5674,6961,3944,7077,9113,246,4199,6444
8660,7558,4933,1937,4606,6119,9267,2822,6967,9863,6398,6123,8378,7719,4739,8575,9879,7898,6616,6901
7326,7899,7247,1766,1798,4407,6404,2419,8150,7695,6169,6820,6650,6729,2297,5878,885,6841,2058,7413
8116,4334,9598,9747,6841,661,6300,3264,3962,2712,9538,7361,5775,8857,5612,3167,5202,7567,2275,9277
286,1509,5798,5584,8208,4887,5731,4438,3608,9635,4247,8829,390,1331,1848,1883,493,1381,6597,2409
3261,852,931,7305,4368,6695,6290,3141,3833,3193,4307,3594,2351,9374,5807,7189,53,3324,6273,3107
4177,6353,8920,3049,1121,7164,8729,740,2826,2911,7567,3142,6686,8401,9850,3989,9861,8922,8644,2694
7427,9442,1993,1206,302,184,4595,8725,2247,5052,7271,5187,7512,7516,4661,4190,1941,9641,3279,5354
6852,2482,6718,1365,4789,9557,4623,8227,8911,3588,478,6443,7807,7239,6447,4833,5791,4146,9687,7013
7916,4994,4786,4738,4634,2111,6664,7231,8260,7972,4185,1651,7307,304,9371,4419,9208,4467,6931,8396
156,3492,2316,3082,6242,7527,5474,7605,3469,8906,1606,5119,8677,7319,8958,2554,3640,3443,7161,8362
6685,6884,3311,2626,8846,9488,2741,4690,371,2238,1260,8855,227,7654,6608,8206,4785,5196,3305,6166
8228,4012,2439,4458,6558,8851,1509,8172,2602,9414,7420,4216,2148,1503,4038,5379,393,9614,4428,9725
1626,3443,6799,2905,5111,4566,4969,701,334,5009,3057,4851,5114,7593,8194,4543,9836,1229,1821,3
571,296,8608,7252,7853,9472,3883,9690,5898,4826,2343,7666,4548,6672,3440,2582,2278,2221,7408,3210
4026,7743,3408,1210,6682,5829,188,9608,1748,6015,1472,97,6667,5483,9545,8856,3349,9529,6428,8926
3244,522,1049,8618,4627,1428,3782,5781,1886,920,3229,3804,2119,7849,3204,6530,1544,2770,2182,1130
3579,1249,4027,2923,2314,5676,6512,1625,5718,5417,2362,1601,1479,900,1502,4687,7991,7630,9878,9515
192,4212,5421,8299,9202,8177,9618,4002,8862,1984,3806,4342,8924,3287,3883,6493,8584,6954,927,352
9765,346,2812,4596,3963,8059,8829,5768,2453,3517,2508,4539,2002,1529,6393,9298,2124,6596,1245,7252
9508,5923,7733,1871,5557,8150,1459,8934,7127,9790,2193,2252,963,5600,7684,7360,2946,8568,9164,9391
4008,6979,3806,5157,6144,4798,1509,4571,8926,9431,7764,8070,5325,2901,3075,6547,5812,1656,2127,4218
9929,33,4458,8549,3791,5942,3473,4274,1217,4623,3738,173,6439,8949,8264,497,7556,5727,5485,4675
4395,4295,113,7318,5861,4840,4710,6837,4319,5927,9333,6312,2863,9079,2714,5889,1000,451,9554,4491
716,3713,3881,1741,1237,5993,2595,1176,8285,6139,1386,3849,6406,2964,2750,4535,7463,2454,8336,6596
